x,y,lat,lon,id
2684200.949479544,1248217.7683016916,47.37941330355152,8.553631812881294,0000
2684169.690149495,1245414.0904065524,47.35420278619558,8.552690865,0001
2684124.7787954286,1245558.898681834,47.35551083858614,8.552123696518183,0002
2684705.069197633,1245080.381773302,47.35113303241371,8.559713052,0003
2684118.809442768,1249244.383386332,47.38865647649207,8.552737244246593,0004
2684145.715,1249114.0314357425,47.38748074467149,8.553069028016425,0005
2683926.641848687,1248863.8337462794,47.38525858280007,8.550121033231003,0006
2683942.7180845244,1248767.620009183,47.38439125324086,8.550315862408683,0007
2684151.063967416,1248228.3689436195,47.37951501197525,8.552973301,0008
2684137.2702045934,1248545.0843336578,47.382365099949396,8.552850212640095,0009
2683889.8609543983,1246724.0046298192,47.36601903267492,8.549232925350577,0010
2685819.9815272167,1245272.3980310317,47.35271570288653,8.574503861614826,0011
2685951.107909386,1245264.735236375,47.35262970400642,8.576237683644447,0012
2686406.036701852,1245632.113,47.35587418746216,8.582328941798618,0013
2686127.4931525425,1245413.8040954384,47.35394731200269,8.578600576138008,0014
2685923.6219202094,1245448.2828600316,47.35428399861622,8.575909148636772,0015
2685951.5303944773,1245305.3335503505,47.35299476453391,8.576251064320738,0016
2684473.192989903,1247963.816042738,47.37709457871297,8.557188497922779,0017
2684320.787631517,1247286.4267518013,47.37102210367126,8.555043068798996,0018
2684782.053227594,1246970.3033462905,47.36811991124453,8.561089586,0019
2684850.519042677,1246778.2336939697,47.36638375,8.561959508767305,0020
2684334.8231533035,1246900.611541866,47.36755053278472,8.555156198,0021
2684295.8352155136,1246277.7300292111,47.36195371547738,8.554522834222096,0022
2683886.1368505773,1246806.023212668,47.36675713074528,8.549198995344563,0023
2684083.0253122007,1249479.4514842678,47.390775084642854,8.552307547476069,0024
2684583.597469944,1247077.2373859535,47.36910710894271,8.558482708553683,0025
2684845.8342521084,1246012.3966601577,47.359496899875154,8.561752390147886,0026
2684963.234428508,1245976.657737031,47.359160363219594,8.563299454866252,0027
2684599.6307021445,1245685.628729669,47.35658979765954,8.558432048858005,0028
2685165.9687444638,1245880.259307413,47.35826725163088,8.565964387,0029
2685633.4580930914,1246065.8965964448,47.35987618352749,8.572187162556054,0030
2685487.5896925232,1245780.4317652176,47.35732783040775,8.570202028311842,0031
2687697.7546514035,1246548.274051216,47.36394291257917,8.599603545,0032
2687927.5988190174,1245629.1718176063,47.355646519887735,8.602465414633937,0033
2687035.6840229044,1245672.9660749352,47.35615875240055,8.590669939831473,0034
2687310.934308762,1246109.786502661,47.36005081712538,8.59439791,0035
2687470.473416812,1246007.952720672,47.35911383978675,8.596489601799458,0036
2687297.5732350717,1246175.1263553377,47.360640209060946,8.594233806024807,0037
2687196.7011090326,1246060.7881594154,47.359625282130274,8.592876433917498,0038
2687531.1296127294,1246431.5833269667,47.36291562903124,8.597375206098551,0039
2687802.901815569,1246243.818890328,47.36119085543414,8.600935624408057,0040
2687595.9565331046,1245934.900760635,47.35844019528001,8.598136117050684,0041
2683882.347899564,1247383.004988572,47.37194662294646,8.549256945885565,0042
2686250.2018789337,1249143.1286071232,47.38747025014366,8.580943028159377,0043
2685870.041368479,1247380.298298478,47.37166625809114,8.575570543871459,0044
2685994.541467254,1247711.364750989,47.374627406276005,8.577282333957776,0045
2686790.5519104614,1247511.1709715812,47.372722637144825,8.587782022140214,0046
2684223.1491612038,1246435.5127550086,47.36338200793296,8.553590431,0047
2686052.092566978,1248347.5595219096,47.380341382437535,8.578166586894776,0048
2685786.693119727,1248653.7014109865,47.38312922,8.574711227892156,0049
2685974.8732051207,1248715.5130474372,47.38366057552303,8.577214852,0050
2685857.456573493,1248595.0838410154,47.38259283362859,8.575636980478327,0051
2685906.468501677,1248767.8572154378,47.38414024483925,8.576319126312589,0052
2687020.063315312,1245779.829235003,47.35712187101909,8.590483968666508,0053
2684454.0313383075,1245580.814,47.35566583025685,8.556485315,0054
2685542.9062346835,1248476.4129894471,47.38156650857247,8.571449278,0055
2684448.8695143145,1246498.6004210922,47.363920494853744,8.556590061624794,0056
2684968.939239736,1246225.4302733303,47.36139693131894,8.563422159490624,0057
2684954.7879616166,1246275.4935651564,47.36184899309335,8.563244351556687,0058
2684746.752563457,1246277.281456157,47.361891855048256,8.560491123820565,0059
2684857.9867316326,1246496.9591740246,47.36385318477322,8.562005053959277,0060
2685172.2112578726,1246591.081930159,47.36465913049003,8.566182199592125,0061
2684329.3927853447,1245710.0869027046,47.35684438859248,8.554860122,0062
2684071.596,1245662.4216254505,47.35644865,8.551439277666143,0063
2684041.633782288,1246002.862657961,47.35951418933692,8.551106618,0064
2684059.8926440054,1246078.5019590673,47.36019211476623,8.55136248,0065
2683970.5175130977,1245946.5849776757,47.35901712595008,8.550154808170115,0066
2684594.931898073,1245474.9841637583,47.35469599177687,8.558330079029796,0067
2684481.0441431827,1245485.9347254036,47.35480908055885,8.556824922099693,0068
2684356.6444933414,1245467.9190448308,47.35466299008293,8.555175186,0069
2685881.1195921176,1245945.616868782,47.35876224147898,8.575442026220331,0070
2686290.2091092817,1246045.5,47.35960709,8.580875664575139,0071
2686711.5938932304,1246063.1082995215,47.35971014813088,8.586456280692266,0072
2686158.5571232173,1246121.372248166,47.36030666228845,8.579147788869976,0073
2686819.5275300564,1245902.1544327298,47.35824842764996,8.587853628964783,0074
2686141.6200134973,1245980.4134029923,47.35904118448745,8.578896503020355,0075
2686444.9167382126,1246089.1225228338,47.35997913341376,8.582931707371934,0076
2683982.1139646303,1246328.055,47.36244636004435,8.550379827,0077
2684118.058041601,1246242.3771321727,47.361658486823075,8.552163118553025,0078
2684077.2196144587,1246084.2757574974,47.36024183073506,8.551592898,0079
2684149.4649490216,1246192.647226915,47.36120723748357,8.552569476402605,0080
2684892.373807733,1247323.632766254,47.37128332272706,8.562616965243302,0081
2685087.422637694,1247223.1251790377,47.370354267483975,8.565179992,0082
2685730.280747581,1246353.2879335186,47.36244820788357,8.573523678346506,0083
2684397.751794661,1249004.1044038476,47.38645989561024,8.556385871880934,0084
2684681.299587712,1248964.6710004972,47.386068872037306,8.560133195,0085
2685198.5967351343,1247244.875428905,47.370535510495365,8.566655870327036,0086
2688653.5524490406,1246489.9439846966,47.36329045280849,8.612243354171483,0087
2687947.610884994,1245594.8042365056,47.35533477146173,8.602723514,0088
2687948.5185257387,1246631.4810358605,47.364657800539824,8.602939114289748,0089
2688675.1431551585,1246377.8075540497,47.362279073722874,8.612506928338938,0090
2688728.131051528,1246397.5388669411,47.362449391310996,8.613212186952191,0091
2688604.311230611,1246383.0004878906,47.362335301857875,8.611570422662743,0092
2684817.5093395864,1245999.5957364284,47.35938542196791,8.561375072620462,0093
2685113.738924295,1247850.5339438692,47.37599336393105,8.56564767,0094
2685218.479144949,1248337.8613188632,47.38036251,8.567127176739396,0095
2685186.3263552985,1248192.6207001326,47.37906047836161,8.566673806358603,0096
2684962.531541867,1248148.918733168,47.37869634956546,8.563702395679185,0097
2685351.9151965547,1248139.4833079623,47.37856116710277,8.568856118563001,0098
2685091.690284416,1248294.355851792,47.379987643465945,8.565440139325437,0099
2684476.387316164,1246754.0125012002,47.36621398302531,8.557002489508276,0100
2684597.989040585,1246033.1163243956,47.359715097767626,8.558475957006783,0101
2684486.0309937247,1245307.8987746928,47.35320729327408,8.556857341101907,0102
2684225.474217012,1246987.5611149606,47.368346486531884,8.55372505,0103
2685177.5826585507,1246796.3827820162,47.36650477891434,8.566292354391772,0104
2685208.3775864234,1248072.7751708874,47.377979818404235,8.566942953,0105
2685429.964937903,1248427.7154436144,47.38114321146785,8.569944534352825,0106
2684405.241,1247147.6217280335,47.36976297,8.556134923,0107
2688641.953271369,1246392.0933938264,47.36241201516798,8.612070454133248,0108
2684515.118381917,1246054.860268657,47.359921280795916,8.557383223802077,0109
2685311.5372189726,1246104.616987459,47.36026615703616,8.567933742664225,0110
2684612.6953209634,1245346.1179882898,47.35353476746063,8.558540823636323,0111
2684699.349004497,1245752.2225180254,47.357175895112015,8.559764387817811,0112
2685546.196529868,1245916.569252394,47.35854456060083,8.571003686310586,0113
2683822.6220635367,1247941.9970192476,47.376981437333804,8.548570941262028,0114
2685097.7337213727,1246629.3630303675,47.36501303,8.565203636,0115
2686397.7790360907,1245700.880271513,47.35649371799156,8.582232920318466,0116
2685123.457354825,1247772.3147945786,47.37528865830305,8.565761461118354,0117
2685240.4058238403,1247871.8146361364,47.37616837367476,8.567328734,0118
2684188.649,1246357.6171088098,47.36268587078165,8.553119124,0119
2683822.8673009383,1246396.3445437113,47.36308078427289,8.548284785628045,0120
2684003.7497096406,1246071.2712016848,47.36013424362091,8.550618035483277,0121
2684034.6298142103,1246015.4992520392,47.359628728206296,8.551016289,0122
2686360.337134784,1245168.8217453028,47.35171363280462,8.581634811970849,0123
2687504.1158358594,1245570.3792496657,47.35517413484113,8.596849379288706,0124
2686671.024584281,1247616.6309094827,47.373686802196744,8.586220057407107,0125
2684086.7333098096,1247613.764,47.373995869492404,8.552006065,0126
2684275.617422057,1248156.2273169344,47.3788503,8.554608859231335,0127
2684312.0333800507,1248309.5868532455,47.38022485263232,8.555119909415119,0128
2684085.073414325,1247522.3720838034,47.37317416,8.551966921768681,0129
2684301.1633115485,1247245.508768766,47.37065662450383,8.554775570069426,0130
2684387.4460173133,1247134.6779557967,47.36964884,8.555896910175973,0131
2683972.500138907,1246971.8947301384,47.36823787631275,8.550373320947946,0132
2684340.6546032806,1247923.3079287717,47.37674725422799,8.555426076492719,0133
2684582.735395998,1248238.0182986625,47.37954651680943,8.558690644,0134
2684495.7294349014,1247953.0883762927,47.37699521156582,8.557484851612987,0135
2684551.4438612717,1247210.6623222977,47.37031117276672,8.558082263,0136
2684765.7585258177,1246958.619,47.36801692861446,8.560871670600218,0137
2685414.586726698,1247041.6942020974,47.368680272838674,8.569476419958763,0138
2685845.7485477524,1247449.9542103154,47.37229586112046,8.575262302701327,0139
2685336.931125789,1247287.0684101318,47.370897066190246,8.568495209659137,0140
2685614.306676736,1248387.38,47.380756534592784,8.572377651752982,0141
2684424.6828101603,1248362.5682256157,47.38068691,8.556621453227685,0142
2684437.4270080347,1247191.3342160387,47.37015196756228,8.556569244,0143
2684293.1099209227,1249052.8321052445,47.386911516590864,8.555009366296078,0144
2684491.3456195886,1248622.2466184224,47.38301373195011,8.557553148975167,0145
2684807.3662461843,1248690.3004503853,47.38358515689766,8.561750572339312,0146
2684970.7019166774,1245667.993663004,47.35638346819255,8.563339731668078,0147
2685246.455737878,1245733.2984091842,47.35693517292631,8.567001672,0148
2684605.9033896253,1245466.882032556,47.35462171799527,8.558473748443083,0149
2685519.2149627046,1246624.493589938,47.364914676211626,8.570781771480851,0150
2686136.458,1245805.494705059,47.357468754035715,8.578794542470838,0151
2685158.5434720023,1246105.905,47.360297529684566,8.565909017581582,0152
2684602.1751688244,1246352.330038195,47.36258536934081,8.558591666998051,0153
2685269.147982265,1246653.0867116828,47.365204226364554,8.567477132326015,0154
2685008.200107119,1246675.2792680566,47.365437522915485,8.564027212288448,0155
2685285.3736250643,1246419.4950565116,47.36310135469496,8.567647418172117,0156
2679642.972,1250887.9595730605,47.40399410594398,8.49375699,0157
2679766.191992169,1250992.5455891734,47.404919773030784,8.495407903808223,0158
2683960.941657686,1252063.678070346,47.41403131490054,8.551176012683163,0159
2683604.5963263875,1252168.4887929575,47.41501924613098,8.546474379098251,0160
2683637.8474832694,1252414.0621684184,47.417223524002864,8.546960892191697,0161
2683891.0234836694,1252193.199216529,47.415205041571724,8.550273975064599,0162
2681331.3292975444,1251950.8246652987,47.41334644862936,8.516315404273092,0163
2681307.412209096,1252561.2082363097,47.41883875977599,8.516109573984505,0164
2681346.2685039807,1251903.551197072,47.412919458786526,8.516504729638747,0165
2681110.5607590294,1252291.6999315885,47.41643927316587,8.513452311558094,0166
2679455.978265936,1253462.9838621242,47.42717473911745,8.491737727981672,0167
2679673.1813029195,1253425.9647953387,47.426815564369036,8.494609598682857,0168
2679608.583021885,1253317.2373844816,47.42584556130852,8.493734144272722,0169
2680121.130325915,1253041.5387477502,47.423303943541256,8.500477035252725,0170
2679847.922054076,1253090.5429589946,47.42377784544534,8.496865378187158,0171
2680114.788,1253244.386123979,47.42512898127495,8.500429359,0172
2680077.536707774,1253066.998309212,47.42353821274826,8.499903918451524,0173
2679936.3143118187,1253273.6553560623,47.42541390282657,8.498069478475239,0174
2679338.8926247777,1253592.0929241837,47.42834997681392,8.490208984561612,0175
2680028.2490805946,1252970.5743524267,47.42267703651873,8.499233511087665,0176
2681510.803793704,1250444.793662968,47.39978004544168,8.518418676072894,0177
2683327.611898961,1251038.2398703925,47.404889728298706,8.542593836702926,0178
2683214.3329442674,1250958.4865468177,47.40418680739674,8.541078410111364,0179
2683196.741,1250629.552889858,47.401230834256594,8.540784174546944,0180
2682590.080463888,1251908.4522220893,47.41280870257648,8.532984667153734,0181
2682620.0688326946,1251829.0994114506,47.412091298934804,8.533367308783964,0182
2679200.7178692147,1253668.606,47.42905471714244,8.488391353214125,0183
2680547.3448528326,1254128.1576423289,47.433024195661936,8.506320927008982,0184
2680261.8030564766,1251531.1383529303,47.409703306438914,8.502069903263976,0185
2679893.4351097634,1251545.0342071422,47.409873070718405,8.497192212958932,0186
2680346.7531611864,1252538.597657287,47.418753348070084,8.503376434721007,0187
2680423.274924617,1251420.3222799178,47.408687000678746,8.504189159,0188
2683751.2952242214,1252857.8058772397,47.42119979236813,8.548547225,0189
2683055.6654587165,1252665.6316560027,47.41955964796681,8.539293813221718,0190
2683718.2756828326,1253071.481000902,47.42312561998145,8.548149725212062,0191
2683733.0213810974,1253087.2583649086,47.42326563395077,8.548348081982779,0192
2683740.831309773,1253141.248996565,47.42375019009691,8.548461693582475,0193
2683604.4484219723,1253307.3242458468,47.42526107514282,8.546685497,0194
2683735.1507174866,1253254.5328541943,47.42476969887431,8.548407649375214,0195
2683611.204024327,1253296.3219838866,47.425161271437396,8.546772962079425,0196
2683511.295871211,1253233.9178155884,47.42461273868602,8.545437331156243,0197
2682174.1892524394,1252016.9214514147,47.41383623,8.527494550606189,0198
2682524.7826098697,1252086.7564297218,47.41442042789195,8.532152471443665,0199
2682500.163259177,1252282.7237387104,47.416185899678865,8.531862459438345,0200
2679545.5662161577,1251608.1060694049,47.41048240997114,8.492594817466335,0201
2679218.648569171,1251614.9457708015,47.41058333052346,8.488264923255175,0202
2679520.4038790944,1251646.9503739183,47.41083478917566,8.492268369279824,0203
2678931.1588070597,1251775.427823515,47.412061124178166,8.484484497281162,0204
2679326.0433729733,1251304.0617277345,47.407774512539234,8.489632560383475,0205
2681965.586453537,1251802.0630529018,47.411929946431115,8.524691358708132,0206
2681639.939403184,1252092.9357177306,47.41458630418037,8.520430121507584,0207
2681831.278482109,1251685.498576367,47.41089835225472,8.522890628044067,0208
2681395.050264884,1251883.6824747757,47.41273474525466,8.517147413726807,0209
2680814.8362231096,1251461.4853320532,47.409009257528005,8.509383932167696,0210
2680990.5509972554,1251519.2604857371,47.40950726059762,8.511722249304807,0211
2680967.1651099897,1251534.9746555267,47.40965145889953,8.511415278928245,0212
2679962.2485537147,1250718.8551865213,47.40243460290816,8.497956101395665,0213
2680941.070604964,1251274.5432198688,47.40731252323976,8.511022424863572,0214
2680759.898,1250872.455,47.40371865560054,8.508549715280683,0215
2681406.9592337706,1250549.9028939072,47.40073817125546,8.517062329016944,0216
2680541.263749236,1250385.5788988646,47.39936677933881,8.505565865238628,0217
2682984.150895064,1252389.8726618562,47.41708869625351,8.538295004634294,0218
2681719.8419679347,1253125.7877073658,47.42386511323838,8.521677652483964,0219
2682381.2790868524,1252658.253339868,47.41957802169474,8.530356515,0220
2681892.2765593044,1252789.8850030603,47.42082282553885,8.523901114948465,0221
2683042.3808757807,1252890.0040017036,47.42157915845498,8.539159485,0222
2683045.3938973467,1252965.0484052233,47.42225367056838,8.539213358323504,0223
2681788.7743709134,1252397.7773304698,47.41730936026162,8.522457861285055,0224
2682761.105259699,1253035.426531371,47.42292239728607,8.535459248514435,0225
2683016.685116179,1252751.5218661143,47.420337,8.538793263038654,0226
2681974.7709670933,1253124.3521626275,47.42382050923654,8.525055595188107,0227
2683136.4297379134,1253255.3319371152,47.42485276776106,8.540473700118982,0228
2682205.311807316,1253212.145638819,47.424581311044335,8.528126769593324,0229
2683274.2697784463,1253229.6977677576,47.42460481,8.542295545,0230
2682999.255391038,1253559.2403006318,47.42760319334297,8.538712359820032,0231
2682453.657163596,1254009.280288142,47.43171907043665,8.531564907,0232
2681931.0276526688,1253607.670610129,47.42817255808596,8.524564566132655,0233
2680764.1491784067,1252735.8004809627,47.42047578310181,8.508942707804259,0234
2680354.3397955867,1252699.1812237198,47.42019659868947,8.503505835847601,0235
2680385.8935161303,1252681.358628356,47.42003246299443,8.503920738348846,0236
2680758.852928509,1252763.173009455,47.42072260185795,8.508877475578581,0237
2680172.440189885,1252798.123,47.42110858723796,8.501113290855178,0238
2680193.510819477,1252787.2510040563,47.42100825,8.501390545018047,0239
2684032.6252949527,1252455.1889498234,47.41754311940527,8.552199368,0240
2684200.7381265988,1252104.0938776827,47.414364162689004,8.554360699,0241
2683140.4108632063,1253862.450385118,47.43031221431913,8.540639450351273,0242
2683579.256714319,1253759.678551615,47.42933239,8.546436293,0243
2683634.091595923,1253710.176236617,47.42888024244085,8.547153744,0244
2683973.7014818788,1253586.7640574393,47.42772713628694,8.551631306984318,0245
2683882.1574197286,1253682.9799610723,47.428604096821154,8.550436190565758,0246
2683292.5821938063,1253586.8829437927,47.42781474,8.542604811576398,0247
2684137.3472927706,1253530.006421595,47.42719580766334,8.553789324789252,0248
2683786.189149715,1253821.583377698,47.42986280724748,8.549190352,0249
2684025.232089523,1253173.4806235298,47.42400382,8.552236481875259,0250
2683311.036965932,1251723.5034221904,47.41105458708931,8.542501976704965,0251
2682767.5657208757,1251563.9819079044,47.40968850097736,8.535272346483335,0252
2682813.9553396623,1251588.2626840014,47.40990103240283,8.535891414440574,0253
2681678.6855740333,1251599.9089987152,47.41014756449697,8.520853386527932,0254
2682008.110788106,1251513.4836714854,47.40932937297829,8.525201803194053,0255
2681877.682,1251660.9859839368,47.41067213512373,8.523500904456116,0256
2682323.351,1251581.2175259246,47.409899189164705,8.529390562602252,0257
2682598.834662025,1251544.4859905462,47.40953435483007,8.533033394,0258
2684375.3382452694,1251562.7774334173,47.40947362417723,8.556571813,0259
2684155.5646947864,1251673.4857801725,47.41049737535584,8.553681115806954,0260
2684355.1768864314,1251216.0045976394,47.40635759241782,8.556239282497073,0261
2683383.5288185216,1250504.3071211183,47.40008084056205,8.543234987,0262
2679304.845006473,1251259.226239005,47.40737384406064,8.489343779,0263
2679535.7883643126,1251156.4645134688,47.40642182023683,8.492384926,0264
2678922.584994976,1251195.948248258,47.406850683334774,8.484268601809461,0265
2680490.19,1251036.908122904,47.40523065339046,8.505006605326056,0266
2679658.125433496,1251182.7102776626,47.40664307156268,8.494010236433397,0267
2680909.125,1251232.8898109542,47.406941846116325,8.510591694419917,0268
2683682.8365314626,1251517.4350109233,47.409154215871624,8.547389117,0269
2683883.5993874334,1251132.5406565242,47.405667216725845,8.549976569897055,0270
2683166.4983585086,1252079.4172086164,47.41427368403108,8.540653305613693,0271
2683428.7795098783,1252298.6145988505,47.41621180053348,8.544169219172177,0272
2680459.5735506783,1251007.4387630045,47.40496936653034,8.504595732,0273
2680440.345,1251112.2361151052,47.405914193739314,8.504359861,0274
2680407.593085204,1251338.0530637938,47.407949041191756,8.503966612094262,0275
2680176.619488169,1250416.5308548673,47.399689630204506,8.500741513363732,0276
2680200.508,1250957.9551723658,47.40455594283462,8.501155036548221,0277
2681269.128598036,1253621.0170039665,47.42837463343155,8.515795076907692,0278
2681228.5720900507,1253334.6406560717,47.42580418176179,8.515205522479743,0279
2680777.5354924286,1253288.1622803048,47.42544168675591,8.509219947318153,0280
2683495.9819252444,1251386.1224498793,47.407997005891104,8.544889169530743,0281
2683556.671596844,1251077.1574829358,47.40521070238294,8.545635414259202,0282
2682675.801,1250940.3052104618,47.40409112362334,8.533941312205767,0283
2684796.553498656,1251343.405,47.407446648946774,8.562110411647268,0284
2684067.9962801677,1251241.163274635,47.40662057464559,8.552439693767251,0285
2684131.1178400083,1250785.5008730004,47.402514621116914,8.553190135351292,0286
2683792.1468422506,1250927.8516417316,47.40383803545495,8.548726739432036,0287
2684005.844654924,1250813.820459868,47.40278529800788,8.551536064936135,0288
2683928.8553921464,1250682.3828868598,47.40161305959482,8.550491575091478,0289
2683720.626706588,1250439.4553540414,47.39945484594057,8.547687903890823,0290
2683873.182178305,1250427.48,47.39932773434567,8.549706319320341,0291
2683832.313,1250738.6240067447,47.40213114749061,8.549223325757238,0292
2682720.5640842128,1250393.381,47.39916684596528,8.534433093483615,0293
2683345.021393139,1250410.8073754078,47.39924484377419,8.542707507556266,0294
2683375.5521865766,1250484.7225969273,47.39990572100243,8.543125680722133,0295
2682712.763801179,1250507.6691122155,47.40019565534109,8.534350914625948,0296
2684773.844625491,1251175.0851923209,47.40593583179823,8.561777661,0297
2684317.1347028418,1251072.9302678327,47.40507576009788,8.555708349858682,0298
2684863.245857432,1250844.482,47.40295112,8.562899208141298,0299
2683951.269,1250740.8988860324,47.40213645,8.550799446,0300
2683971.109684979,1250821.948726602,47.40286282744752,8.551077483426077,0301
2683406.7742468924,1250528.921809758,47.40029926429775,8.543547477970076,0302
2683598.2413903703,1250780.7271410988,47.40253954629824,8.546130659255068,0303
2683585.512400649,1250526.1924404595,47.400252058758404,8.545914469,0304
2683744.464822249,1250533.5173848043,47.40029774210836,8.548021265036661,0305
2683464.689,1251075.1547634224,47.40520435561571,8.544416554,0306
2683524.017564768,1250971.871228319,47.404267976212964,8.545183181916924,0307
2683689.988,1250395.8983890107,47.39906701948665,8.547273927099424,0308
2679501.890775456,1250751.9313497376,47.40278779997217,8.491863945,0309
2679336.218879289,1250797.5367729506,47.40321792399764,8.489677482269759,0310
2679550.7112558307,1250655.003146079,47.401910194027394,8.492493396614549,0311
2679050.512881419,1250841.180678625,47.40364478419708,8.485900591488777,0312
2679324.3645359515,1250435.0362415777,47.399959248884755,8.489456149503205,0313
2680449.617169308,1251823.7326491291,47.41231178394138,8.504610738,0314
2682990.963592466,1251269.8399329495,47.40701508359483,8.538177314745884,0315
2683702.3939285567,1250372.7870113782,47.39885759565076,8.547433924480604,0316
2684023.129934326,1250706.2923195022,47.40181606300192,8.551744824110067,0317
2684190.849543761,1250802.3190770482,47.40265823859745,8.553984518518586,0318
2684371.8094413984,1250883.2386921707,47.403362811908735,8.556396819,0319
2679804.312,1252952.544444429,47.42254207089278,8.496262820887626,0320
2683621.6943598166,1252050.4084094767,47.41395514884454,8.546678823287998,0321
2683729.5231098966,1250504.0573260195,47.40003469908856,8.547817836443766,0322
2680685.469622147,1252958.9934362974,47.422492668740524,8.507940446976358,0323
2680731.0369806765,1252915.7359494977,47.42209805573486,8.508536456,0324
2681031.287402527,1252492.1197548588,47.418251468183236,8.5124383,0325
2682185.369460734,1252197.8145980907,47.41546165645121,8.527675941266383,0326
2682074.578061034,1251774.9307897312,47.41167236229506,8.526130361075946,0327
2682937.8376703705,1251094.5404388818,47.40544525816684,8.537441018042948,0328
2683616.2545815883,1251053.4881582626,47.40499027515592,8.546420275157129,0329
2683888.153776085,1250629.4057316978,47.40114180684965,8.549942504467834,0330
2684435.823004768,1250902.5740434397,47.403528495687546,8.557248418469936,0331
2682726.2612449154,1250866.9843539088,47.40342539081548,8.534596173,0332
2683782.566796222,1250573.260374481,47.40065031622823,8.548533396143409,0333
2679826.798340939,1253422.803476459,47.426768524204256,8.496644821722546,0334
2683495.1960536405,1250476.2023939097,47.399813939635955,8.544708838225638,0335
2684588.350582493,1251425.1278187658,47.408208379485075,8.559367730378073,0336
2683472.247461169,1250702.6241362856,47.40185312472461,8.544447138055865,0337
2684450.921891741,1251022.4396817426,47.40460454239283,8.557471065147658,0338
2680006.775336761,1250679.2617172592,47.40207311715153,8.498538831625472,0339
2680321.488490358,1250422.227372927,47.39972321027874,8.502661412075438,0340
2680007.8059459226,1250600.448566476,47.40136419692339,8.498538381927046,0341
2680222.3562548845,1250661.0112967647,47.40188276128239,8.501391182611037,0342
2683655.3984418926,1250809.8160412067,47.40279389318672,8.546893215067353,0343
2683416.105549562,1250461.153809202,47.39968862504188,8.543658435825067,0344
2685115.4596317024,1250793.868,47.40246338682349,8.566230460403055,0345
2684147.809190376,1251513.7738179483,47.409062037013186,8.553548304721307,0346
2683756.129101206,1250547.4541709456,47.4004216,8.548178376196775,0347
2680614.4894177443,1250461.051306304,47.400036571038264,8.506549381025131,0348
2680951.762181481,1250404.6199583672,47.39948769730421,8.511006565500399,0349
2681329.776177155,1250402.1344840887,47.399418775547716,8.516013101596462,0350
2680703.0543591995,1250567.1433073771,47.40097984751276,8.507741628958307,0351
2682593.1540576834,1251067.5729324506,47.40524605017161,8.532870029,0352
2682407.372347502,1251768.8022801008,47.41157568284407,8.530538259003466,0353
2681995.3715692135,1251535.5469693444,47.40952938110582,8.525037082,0354
2682091.358216603,1251700.1150216295,47.410997430773016,8.526338933259517,0355
2683453.2280881824,1250990.8077447563,47.404447251794764,8.544248994261904,0356
2684823.109,1251497.7494333347,47.40883128548278,8.562491491311206,0357
2683707.8712665653,1252047.6815669646,47.413919675732586,8.547820073438078,0358
2683707.486973432,1251926.9350417894,47.41283382110581,8.547792368012685,0359
2679666.194746253,1250551.2283751834,47.40096295073932,8.494004621838057,0360
2679524.739541392,1250528.582152987,47.40077637957753,8.492126888532825,0361
2683332.691977168,1251079.0860844266,47.405256426947325,8.542668744624352,0362
2682920.746073031,1251469.0078076846,47.40881510152877,8.537284062418582,0363
2683093.8542508385,1252385.5956393166,47.41703639615732,8.539747761,0364
2683141.8625076134,1252391.3219906583,47.417081834127515,8.540384926799693,0365
2683122.950504878,1252584.1216879587,47.41881811741893,8.540170208,0366
2683100.6245546606,1253933.4483041984,47.43095573760562,8.540125366267832,0367
2682856.3734429823,1253824.3269299944,47.43000517580302,8.536867992495976,0368
2683774.828529532,1252767.1680214296,47.420381671557976,8.548842067929451,0369
2684059.196413733,1253224.5288437332,47.424458569408024,8.552696166,0370
2683316.753103427,1252406.7921088904,47.41719885296046,8.542705080899799,0371
2684858.1225955524,1252105.4548643003,47.41429201,8.563070710383249,0372
2684083.479,1253538.065913304,47.42727517121317,8.553076956813149,0373
2678822.6108816485,1252394.6773945345,47.417643252275134,8.483155585068133,0374
2680559.5925199958,1251771.987131529,47.41183297480361,8.506058445694963,0375
2679461.1701139235,1251291.3467970612,47.407643872101744,8.491420409358293,0376
2680187.608527421,1252743.8836297542,47.420618948704856,8.501304552,0377
2679841.3942747186,1251391.5874684604,47.408499383359555,8.496475363,0378
2679363.393212064,1251250.903786737,47.40729194418547,8.490117921,0379
2678957.2204725863,1251547.138663793,47.410004914371726,8.484789457623481,0380
2679311.9316444118,1251325.0191299918,47.407964689609635,8.489449331323982,0381
2682181.1231976287,1252177.3233245069,47.41527790278568,8.527615912641384,0382
2682607.8462876426,1252539.3332682915,47.41848015468529,8.533336653318669,0383
2680962.559208193,1253200.6426719185,47.424631870365744,8.511656017954516,0384
2681021.120681778,1252077.7657223945,47.414526310547366,8.512228471297204,0385
2681155.2855411214,1252854.8944115257,47.421498731451656,8.514147183397524,0386
2681776.4871862284,1251917.7275830845,47.41299366252911,8.522207221003292,0387
2680621.414810753,1252740.8835705044,47.420538990500965,8.507052286810467,0388
2680554.2289671395,1253503.965798949,47.427409829749344,8.506299602777538,0389
2680336.2633056086,1252550.8470110523,47.41886479023872,8.503239642717123,0390
2679495.7497586044,1253018.9177019035,47.42317631615162,8.492185784,0391
2679555.098525459,1253583.3989888858,47.4282457,8.493072758600237,0392
2678270.578549504,1250635.167111598,47.40188517443661,8.475533023984601,0393
2677812.4710488417,1249682.6332695363,47.39337292225706,8.469299111859412,0394
2678321.0743341246,1250809.3919349865,47.403446043771474,8.476232416986162,0395
2679840.364963656,1246857.7906005655,47.36772525172086,8.495652648545786,0396
2679836.707798325,1246225.4204939334,47.36203849538605,8.495491491,0397
2679776.6569263674,1246888.763,47.36801151628774,8.494814821721949,0398
2680520.9218459367,1246518.0075864051,47.364586631846066,8.504600511795237,0399
2680529.796,1246283.0427352493,47.362472401598225,8.504675721464187,0400
2680507.753855328,1246043.3759129131,47.360319659840656,8.504340882468487,0401
2679601.6544683897,1249693.6403034802,47.39325813755752,8.492997091213736,0402
2679376.9894806766,1249631.6332025006,47.39272759350296,8.490010620402392,0403
2678518.1654969607,1247667.9382552968,47.37517014700453,8.478291860234899,0404
2679104.2419487345,1249080.1470522175,47.38780066118211,8.486300865,0405
2679204.8654880854,1248797.4992957474,47.38524660147507,8.487583354228398,0406
2679289.728054666,1249016.0603530393,47.387202004844795,8.488745838230292,0407
2679018.4631519206,1249267.882914467,47.38949934227037,8.485198082437604,0408
2679103.1095865434,1248995.3164789418,47.38703788026262,8.486270871523018,0409
2679712.4846369834,1250280.7322828807,47.398524678155006,8.494569559214755,0410
2678471.7458709776,1248829.059341011,47.38561816256865,8.477880878884795,0411
2678818.683,1248659.8374232622,47.38405486249696,8.482445260554899,0412
2678734.7111628954,1248782.7280355396,47.38517011144343,8.481354949347773,0413
2678837.8040237995,1248379.7795516783,47.381533891843894,8.482649115920072,0414
2679023.036025106,1247305.1127407427,47.37184673908643,8.484912061302076,0415
2679185.5524164345,1247202.108621905,47.37090086735363,8.487045348300303,0416
2679077.1774767125,1247279.8948197945,47.37161345,8.485624369607851,0417
2680046.4590190053,1247563.6473201674,47.37404833597689,8.498507057154974,0418
2680035.7127202637,1247535.5512316194,47.37379696086648,8.498359761017765,0419
2678658.8403076325,1248124.637963829,47.37926068,8.480234590868834,0420
2678712.7404283434,1248056.9567293425,47.37864555433378,8.480936355,0421
2680211.8920253683,1250270.0708007764,47.398368167069535,8.501182450034172,0422
2680324.1437659566,1249773.5171091356,47.393888796763896,8.502580077010924,0423
2680526.8548060134,1250346.6640863365,47.39901856636987,8.505368004288144,0424
2679348.867,1247956.341521202,47.37766437970424,8.489341078813018,0425
2679232.844666768,1248016.6177788228,47.378220432217056,8.487815597748547,0426
2679771.111632936,1247701.9949002378,47.375325946640565,8.494886324,0427
2679589.59,1247662.222985519,47.37499020984911,8.492475989804033,0428
2679193.615655579,1247726.3655532706,47.37561478038782,8.487244839,0429
2679949.639714858,1248209.1919011225,47.37986575037309,8.497340554413958,0430
2679930.9959616465,1247705.0930497816,47.37533443490414,8.497003673083231,0431
2680507.8412085404,1248178.971837629,47.37952600025262,8.504726071967797,0432
2680538.278429755,1248163.6172613315,47.37938419,8.505126314966216,0433
2679599.620200885,1246711.006,47.36643426793026,8.492439654962118,0434
2679871.152409751,1246845.9102795904,47.36761467604238,8.496058083,0435
2680199.9672422367,1246974.2554766987,47.368729010036894,8.500433798724368,0436
2680334.633951078,1246136.9154440665,47.36118202724156,8.502066280048414,0437
2679724.6564344605,1246342.300670616,47.363103217386005,8.494029158,0438
2680400.001275222,1248393.7651321578,47.38147089256029,8.503336798060996,0439
2680386.5999279246,1248348.486743529,47.38106532065436,8.503151216653805,0440
2678616.530888394,1249188.6641088035,47.388834981752986,8.479861329383532,0441
2678808.5376583464,1249161.1186226176,47.38856431252727,8.482399210815817,0442
2678928.052351337,1249382.6280003942,47.390542130744365,8.484021007383372,0443
2678606.0903741443,1249360.8648793292,47.39038490193848,8.479753322559887,0444
2678498.561199516,1249473.9598456435,47.39141483447112,8.478349122990224,0445
2678950.6731368448,1249359.338648698,47.390329969348386,8.484316472423156,0446
2678640.3495555567,1249467.329239659,47.39133829173312,8.480225743,0447
2678530.047732184,1249422.9561155555,47.39095238,8.478757164227154,0448
2678914.1320656706,1248980.3424986997,47.38692587629538,8.483765698103419,0449
2678403.6297069606,1249019.4512169224,47.38733854930591,8.477012236857002,0450
2678996.631887157,1248906.358699898,47.38625062145622,8.484845136044536,0451
2679357.3319742084,1249437.4996514812,47.39098404099102,8.489715839400825,0452
2679971.8160100826,1248806.8070225958,47.38523765978838,8.497740984199202,0453
2680192.5399307366,1248770.026593331,47.38488004885962,8.500657218685058,0454
2679614.7793551725,1248853.840197326,47.385703890881786,8.493021467000744,0455
2679550.391099921,1248896.7233277275,47.38609733442888,8.492176453206582,0456
2680124.5949064493,1248571.1038781714,47.38309932257438,8.499721876817611,0457
2680076.6087192157,1248616.546926553,47.38351384,8.499094601108673,0458
2680125.920696764,1248344.207347144,47.38105858715076,8.499698805715608,0459
2679789.398,1248784.551829632,47.385059627277286,8.495321439560447,0460
2680101.331402764,1248743.3436371228,47.38465117379543,8.499444666455181,0461
2680050.7333755363,1248391.3804455036,47.38149197373531,8.498711691236323,0462
2679611.689165084,1248490.8203483964,47.38243947509168,8.492915959,0463
2678041.0823528743,1249177.946029517,47.388807008837034,8.472238817873192,0464
2677985.508,1249465.8466384865,47.39140280494402,8.471553040104812,0465
2678228.958066548,1248541.3306116497,47.383059363081976,8.474615542987575,0466
2678379.4399901405,1248402.1338499708,47.38178961991203,8.476583771275505,0467
2679690.2024775995,1247404.7930583544,47.37266286816932,8.493762213929505,0468
2679308.027345234,1247070.4817578646,47.36970235822975,8.488643411187804,0469
2678715.7963706898,1247498.5735560234,47.37362339346238,8.480878620166349,0470
2678389.338744057,1247559.0354431735,47.37420607068826,8.476567180571987,0471
2678303.2766684326,1247575.139244446,47.37436113184562,8.475430595,0472
2680395.336888134,1247552.868625186,47.37390892663684,8.503123989830812,0473
2680265.9779588343,1250372.2188972055,47.399280233156006,8.501917165991152,0474
2680281.7436905694,1250370.1174433867,47.399259412554755,8.502125614,0475
2679349.0057016704,1249807.143568174,47.39430939926726,8.489671140457219,0476
2679326.0773011786,1250160.6889098985,47.397491732123754,8.489430173797233,0477
2679735.583224767,1250224.8427950204,47.398019247181786,8.494865543,0478
2679756.1951995343,1250122.042072859,47.397092226021364,8.495120220028385,0479
2680095.7623394206,1250197.1854037854,47.39772681,8.499631227789322,0480
2679673.938347087,1250218.9112720292,47.397973362318986,8.494047988,0481
2679138.7567719608,1249613.2436237454,47.392590872227586,8.486852237966856,0482
2678197.126592196,1250188.7717801442,47.39787929,8.474482009463127,0483
2678801.0599784227,1250010.746467664,47.39620625951374,8.482449853878489,0484
2680728.5741687543,1247163.417229666,47.370365683155185,8.507465543304685,0485
2679840.0193097587,1249758.023725832,47.393808315107464,8.496165488437548,0486
2678570.0258890428,1250102.6059231153,47.397059987071174,8.479405996,0487
2679680.1756254537,1249259.651,47.389345606233924,8.493959724971166,0488
2679006.9946501977,1248767.358380722,47.38499929,8.484957818888647,0489
2680271.089372316,1249760.7473955296,47.39378042125417,8.501875125061312,0490
2680721.1874394226,1246452.114839486,47.36396953126207,8.507239519833803,0491
2679893.2328880704,1247596.870437434,47.374365721193186,8.496484391041554,0492
2679667.1446162807,1249694.6769271686,47.393259543150684,8.493864628092746,0493
2680112.585911533,1248638.370639945,47.38370574044527,8.499574902965438,0494
2679475.098936018,1249238.5942731258,47.389181007268526,8.491240145,0495
2679535.5159848654,1249720.4814387606,47.393507519377856,8.492125924709512,0496
2680384.198676765,1250382.5355163943,47.3993586,8.503484911395772,0497
2679941.303248033,1249134.209699117,47.38818582734264,8.497395431419442,0498
2680158.960891505,1248546.6045645757,47.382874809968634,8.500172544349274,0499
2680257.788113974,1248478.5935057306,47.38225112752672,8.501468958,0500
2679894.736507075,1246905.7594366015,47.36815006821814,8.496380960006286,0501
2680367.7363306284,1246580.6553687977,47.365168749188896,8.502584059974971,0502
2679584.308,1247132.860748106,47.37023005485555,8.492311941,0503
2679217.5423218487,1248478.0267099196,47.382371924044854,8.487694664102689,0504
2680224.003917478,1246588.485507756,47.36525668,8.500682875119193,0505
2680380.0819313694,1246532.3018345234,47.364732378291535,8.502738799049917,0506
2680459.2574930955,1246227.127270716,47.36197814275574,8.503732006504961,0507
2679600.9438649914,1247919.157339911,47.37729956220235,8.492671998817494,0508
2679462.863361295,1249606.4036154228,47.392490340517625,8.491143442445017,0509
2680458.27,1248418.24,47.38168389425839,8.504112731878738,0510
2679392.550505083,1249875.5754190248,47.39491958694364,8.490260006491484,0511
2679625.626673566,1249752.908644056,47.39378826,8.493325129805674,0512
2679110.9130117632,1249223.223210403,47.3890866,8.486414507335281,0513
2678112.4556183354,1249259.5640105058,47.389532576003425,8.473198260731026,0514
2679833.3487767647,1248514.1569899195,47.38262253032793,8.495855187425638,0515
2679966.3740983848,1249139.295190857,47.388228520477746,8.497728347159484,0516
2678409.58,1248653.7205987065,47.38404866549775,8.47702695,0517
2678992.119476158,1248779.1433162966,47.385107060357264,8.484762922640494,0518
2679256.1721464708,1248027.0553618995,47.378311496529975,8.488126308534264,0519
2679158.083410679,1249473.8652941326,47.39133506433816,8.487083533682013,0520
2678987.2083501066,1249519.6838362666,47.39176764,8.484828630833062,0521
2679470.219317989,1248282.1325763196,47.38057973556029,8.491005651,0522
2679871.3432490565,1248243.508554379,47.38018387040125,8.496309980835303,0523
2679981.791255718,1249575.5148936268,47.39214974,8.498010502,0524
2679163.7081580875,1249056.4287580738,47.387580209683335,8.487084159822835,0525
2679544.4534253287,1247097.7248604393,47.36991887343054,8.491778097556708,0526
2678912.991205112,1247792.1753808705,47.3762403,8.483541072517877,0527
2680148.3606225755,1247840.2952352837,47.376523963766964,8.499905690837496,0528
2679014.1469617686,1247628.0379680777,47.37475202,8.484851380514549,0529
2678895.665471268,1247615.125307733,47.37465008677699,8.483280476810524,0530
2679515.551,1247157.0470818777,47.370455873352334,8.491406012789517,0531
2678933.641888459,1247538.4170487511,47.373955666290954,8.483769735722275,0532
2679781.211958962,1247798.8918159548,47.37619616020028,8.495037318723229,0533
2680996.893636108,1245432.3909679668,47.35476486285632,8.510704544294027,0534
2680665.807378307,1246865.0126473303,47.36768969,8.506580854194782,0535
2682544.742359876,1246488.6415551002,47.364072165776754,8.531383998416583,0536
2682554.907876627,1246117.9938741424,47.36073750356987,8.531450227467156,0537
2682837.1876853653,1244305.7602286811,47.344403877133146,8.534851332804095,0538
2682822.6274003084,1244238.340806242,47.34379937245957,8.534646213933943,0539
2682783.2228691527,1244907.1173065288,47.34981893197495,8.534248385,0540
2682764.8457823964,1244944.7145985246,47.35015936860905,8.534012144062942,0541
2682779.2058220594,1244794.0452483722,47.34880253,8.534174335697324,0542
2682762.6179711698,1245084.1335520982,47.351413504811234,8.534008418171407,0543
2681340.1754235164,1246945.989,47.36833505107485,8.515522582664067,0544
2683453.1684448635,1247059.4635953351,47.36909138640656,8.543514899996264,0545
2683452.275450842,1247085.4513931167,47.36932521759356,8.543507922826421,0546
2681401.1832531095,1243327.154271345,47.33578164268052,8.515672648602301,0547
2681640.555547372,1243065.5629939432,47.333399426201275,8.518791825927423,0548
2683746.9342355425,1246587.7759616408,47.36481205408965,8.547315508678722,0549
2682743.7549716006,1246256.9872077657,47.361963847679995,8.533975457080393,0550
2682754.5047954675,1246416.496406713,47.36339702988924,8.534147220045172,0551
2682806.6960953213,1245486.982626949,47.355030966930485,8.534666192477719,0552
2682765.406316344,1246082.1976413126,47.36038917399878,8.534229734245134,0553
2682782.705942519,1245519.845974533,47.35532953443644,8.534354770244308,0554
2683264.8734863647,1247048.7240227817,47.369018619371566,8.541020274227618,0555
2683243.287126818,1247073.6293535286,47.36924532964064,8.540739147458991,0556
2683687.567593917,1246990.5987580605,47.368442333975004,8.546604975019106,0557
2680764.680959626,1246376.2548945604,47.36328196,8.507801548595438,0558
2681503.132239809,1246458.1872499478,47.36392790979253,8.517590974314933,0559
2681555.2251724894,1245677.4915564607,47.35690032352081,8.518138345354215,0560
2680689.277519091,1245895.8952849463,47.35897110134215,8.506716921960255,0561
2680714.735100211,1245801.8512982046,47.35812220307133,8.507036917011465,0562
2680772.467066413,1245688.4796113833,47.357095526587024,8.507780569092894,0563
2683652.8762972723,1246515.038,47.364169835908136,8.546056892181925,0564
2683713.0036106007,1246356.9327864144,47.362740302648525,8.54682322,0565
2683740.7707577427,1246597.7348345171,47.36490240123904,8.547235786,0566
2683611.8107406227,1246655.1469476926,47.365435103987046,8.545539483737068,0567
2683721.3169310526,1246655.082179206,47.36542061950129,8.546989002,0568
2683600.2939649406,1246632.3467466687,47.36523151399437,8.545382779552185,0569
2683730.6213024007,1246724.0156722884,47.36603938269995,8.547125053940633,0570
2682381.8651031437,1244255.5031837367,47.34400894276903,8.528817361439927,0571
2682651.6554084527,1244809.0065420617,47.34895308603155,8.532489237268555,0572
2681683.802796341,1246547.3020334423,47.364706990305734,8.519998704763614,0573
2681808.010433041,1246600.4211303152,47.36516931,8.521652527168026,0574
2681667.097657321,1246663.0850695467,47.36575034685021,8.519798698,0575
2682257.8243520814,1244217.7054691776,47.343684497383805,8.527169154058384,0576
2682179.9751892374,1244815.1539579907,47.34906733927067,8.526248656058558,0577
2682424.499528553,1245286.4546092018,47.35327543118938,8.529571142985612,0578
2682460.5352800097,1246199.4605425685,47.36148198,8.530216127044243,0579
2682392.4620622974,1245635.1875642966,47.35641574538735,8.529211303140888,0580
2682722.321235985,1247092.9354885556,47.369484558570136,8.533846195467785,0581
2682191.5613290607,1246100.4310865798,47.36062496379087,8.526637803594953,0582
2682177.231284389,1246246.8808953331,47.36194383634248,8.526475006782213,0583
2682152.5816884083,1246401.4237692454,47.36333677888328,8.526177092107643,0584
2683116.146283347,1246651.7148983215,47.36546693594303,8.538977741863585,0585
2683047.8614138784,1246764.6710836168,47.36649140392874,8.538094805754925,0586
2682910.6284162817,1246818.9410523486,47.36699675436748,8.536288266619806,0587
2683065.9283027984,1246613.8078067673,47.36513235377129,8.538305974353113,0588
2682491.1496049366,1244194.6947881065,47.343448400097124,8.530252186388969,0589
2682885.9604787184,1243799.0370606163,47.33984055054463,8.535402966126684,0590
2682808.203106051,1244048.9982101212,47.34209833847104,8.534420370407332,0591
2682211.095,1243906.818769004,47.340894372922726,8.526493824008252,0592
2682091.6127027646,1242464.3136199247,47.32793608687808,8.524648805718758,0593
2682226.815077004,1243367.9624267153,47.33604621452315,8.526602957385574,0594
2682437.186,1243854.0371294762,47.34039145355286,8.529475506359695,0595
2682384.457755774,1243775.9636315492,47.339695891417676,8.528763515,0596
2680849.6258472474,1246855.1841973814,47.36757876951244,8.509012398359964,0597
2680674.699151607,1246843.1980346567,47.367492409227026,8.50669463,0598
2682641.5605063275,1246617.8950867886,47.36522246248016,8.532689402585484,0599
2682808.1312469924,1246765.893100391,47.36653255989607,8.534921661019983,0600
2682754.987684092,1246737.318931938,47.36628225631694,8.534212903993277,0601
2682356.692835618,1246857.8780755403,47.36741638713697,8.528962761557134,0602
2682083.379442518,1246762.7525796727,47.366594982684695,8.525327332814049,0603
2681699.431122581,1246407.839116854,47.36345080318894,8.520180129797685,0604
2681926.4276896566,1246461.6266011896,47.36390635938115,8.523194617934983,0605
2682833.0500960923,1243549.017,47.337598652469815,8.534656723,0606
2682604.773058712,1243126.1858354826,47.33382456051379,8.531558678902694,0607
2682279.4865508084,1244188.9393142264,47.34342308675538,8.527450498345333,0608
2681916.2414031737,1244122.6439996264,47.34287209181305,8.52263208,0609
2680271.421,1245247.1054078538,47.35318724123312,8.501070128173357,0610
2682224.0155091807,1245771.450895324,47.35766225482145,8.527006964883604,0611
2682256.140221348,1246038.3619856853,47.36005869357701,8.527481158195727,0612
2681948.398246699,1246824.0544306915,47.367163093895314,8.523551764154515,0613
2683768.652553929,1245988.8271369897,47.359422712832526,8.547490950922136,0614
2683784.4041615115,1245988.524761815,47.35941799135173,8.547699374348309,0615
2681396.461021864,1245986.0815508135,47.35969523695782,8.516093194808084,0616
2681410.7630265504,1246716.8743271655,47.36626581090972,8.516415345754151,0617
2681021.622039971,1246217.1620074145,47.36181963089251,8.511173770511615,0618
2681185.799291654,1245052.3837226287,47.35132404021964,8.513135730129255,0619
2681883.821298344,1246907.2165908767,47.36791903259442,8.522712138680575,0620
2681568.670529142,1243915.7842595435,47.341054791340746,8.51799557,0621
2681512.3787839706,1243473.267,47.337081972315275,8.517170298725583,0622
2681591.8509880286,1243542.8220928516,47.33769768831745,8.518234376468437,0623
2681832.728,1246886.5399493848,47.36773942536944,8.522031998240838,0624
2681644.024796091,1247018.9248550197,47.368953422937786,8.519558166612656,0625
2682511.647553704,1243844.8539729165,47.340299551197496,8.530458996802434,0626
2682994.408802431,1246860.1514203493,47.36735682991911,8.537404938,0627
2682972.321530499,1246900.4475240193,47.36772200983352,8.537120026375566,0628
2682962.827656521,1246979.162892772,47.368431123248655,8.537008936606751,0629
2683184.1442936487,1246932.7490793015,47.36798580711095,8.539930043209848,0630
2683334.5142091606,1246763.1982891234,47.36644197,8.541889024707457,0631
2681028.4230389395,1247031.9344852269,47.36914640235257,8.511411229520908,0632
2681334.6828896566,1242661.5647534668,47.32980385425969,8.514672118984649,0633
2681352.840928016,1241985.244690552,47.323719104523995,8.51478962,0634
2681093.8067681016,1243044.514,47.33327758478092,8.511555025539888,0635
2680940.8338601068,1242846.1484880005,47.331512370018736,8.509495523421304,0636
2681575.590628216,1245241.3183875475,47.35297509859101,8.518328449,0637
2681834.596732714,1246169.164401859,47.361287529430015,8.521925639,0638
2681924.721574377,1246371.8997212774,47.36309961933366,8.523155619325172,0639
2681941.8361203726,1245479.3282219798,47.355070204846676,8.523218853814576,0640
2681844.9288790748,1246074.8843148577,47.360438344607076,8.522045165529354,0641
2681675.535649805,1244195.7917866516,47.34355980720035,8.519460530201803,0642
2683328.641031428,1247057.2641599472,47.36908736395903,8.541866010377932,0643
2682462.1756785894,1242628.3397992016,47.32936502851725,8.529580667219275,0644
2682352.8481241013,1243857.4251112666,47.340432462421916,8.528360267790212,0645
2682532.7599448333,1244136.7825735111,47.34292236096367,8.530792090087598,0646
2682667.727331787,1246949.0423136677,47.36819732098116,8.533096912,0647
2681359.4575328226,1244274.670021916,47.34430827721911,8.515292628,0648
2681118.5508650574,1247006.0717685972,47.36890272011998,8.512599653341463,0649
2682745.721258992,1243245.848047764,47.334883070167606,8.533445391352986,0650
2681885.034747329,1246522.8205326938,47.36446184653558,8.522657904327085,0651
2681273.9435743075,1246352.7032890604,47.36300754832228,8.514538134542809,0652
2682047.1631348785,1245010.4693342913,47.35084044298768,8.524526927638478,0653
2682133.4380922224,1243092.5235794508,47.33358069248282,8.525317140809063,0654
2682291.653668961,1247041.9369124293,47.36907982752423,8.528135635361602,0655
2682589.677478136,1246033.7954749914,47.35997591598944,8.531894905058119,0656
2683451.8887385204,1247116.440857513,47.36960396652647,8.543508580084579,0657
2682483.275983834,1243145.1837937415,47.33401062677629,8.529954870111943,0658
2683798.8838536204,1246439.7613118014,47.3634743,8.547975456361586,0659
2683795.348126787,1246637.4453994527,47.36525259650556,8.547965649399458,0660
2683774.2487248224,1246780.0974969673,47.36653820351246,8.547713048,0661
2680629.7408545464,1246357.545982679,47.363130224244905,8.506012041136481,0662
2680640.4874159684,1246934.4066903652,47.36831687601483,8.506258176460717,0663
2681186.6924301023,1245958.644068088,47.35947435041974,8.513311803172302,0664
2682208.880850164,1245970.223458652,47.359451790584465,8.526843140879853,0665
2681428.347298444,1245993.742558889,47.359760197386144,8.516516622175454,0666
2682766.6938866763,1245331.4968692556,47.35363763996299,8.534108058,0667
2681231.7665606206,1245623.6162870934,47.35645573921827,8.513847623676119,0668
2682663.516777159,1244733.4731784684,47.348272293181694,8.532632262092758,0669
2680838.4029322164,1245729.7968528888,47.35745902888399,8.508660686332862,0670
2681706.833065247,1245592.395775708,47.35611624356424,8.520129340006855,0671
2680683.1614875207,1246060.680629605,47.36045384,8.506665659154208,0672
2682229.612364797,1245471.1348961398,47.35496068270476,8.527025907781674,0673
2681360.2135444647,1244810.7432535668,47.34912935014627,8.515399967046301,0674
2682187.7344999374,1244794.4626792837,47.34888028577342,8.526347539132994,0675
2682228.614786993,1245118.791849222,47.35179202826771,8.526948030270399,0676
2682445.896633267,1244897.8467847512,47.34977783097132,8.529782796565543,0677
2680988.736499063,1245231.4358496862,47.35295858071617,8.510560259,0678
2681525.8308159434,1243433.1851810396,47.33671983389903,8.517340979241139,0679
2681545.524325258,1244003.472904683,47.341846281708186,8.517705277672773,0680
2682477.9886742462,1243774.880273705,47.33967445540436,8.530000787324134,0681
2682296.847267732,1244464.8595192295,47.34590240014099,8.527730880123617,0682
2681598.518,1243402.840567086,47.33643793872469,8.518297101111338,0683
2683059.9521833863,1243376.114878325,47.33601512,8.537626616504209,0684
2682760.646132169,1244087.6721927293,47.342452122790476,8.533798276225847,0685
2683153.935478088,1247045.544530827,47.36900403266361,8.539551099888978,0686
2682099.426023474,1247108.601140397,47.36970334189436,8.525603164842083,0687
2682763.000353085,1246586.968,47.36492908,8.534291179,0688
2683065.783105413,1246777.4274291857,47.366603868132984,8.538334406,0689
2682834.2384616085,1246418.5377064417,47.36340537179125,8.535202991620634,0690
2682529.1529788407,1246227.7280052472,47.36172761408677,8.531129561922581,0691
2682665.940053924,1246421.6214845171,47.36345424,8.532975879261985,0692
2682285.0985656986,1246428.723119298,47.36356576212465,8.527936167234369,0693
2682650.791,1246592.1386151954,47.36498966647475,8.532806837748256,0694
2681553.939957391,1247155.4254358618,47.37019218400662,8.518390497,0695
2681186.497,1247085.2511535892,47.369606447056476,8.513513479391653,0696
2681656.9871587367,1246948.5307097137,47.36831873292904,8.519716922346552,0697
2681886.102235088,1246185.9699332465,47.361432271914175,8.522610439,0698
2681436.5324063795,1246558.279040855,47.36483631133243,8.516727617521235,0699
2681278.923494477,1246790.988894996,47.36694862789853,8.514683606323757,0700
2681770.9100726647,1247033.9804087495,47.36907309193986,8.521240611618676,0701
2681217.1152731846,1246444.766219314,47.36384251613574,8.513802626969259,0702
2681038.396472155,1246479.1457261532,47.36417370528344,8.511443209056278,0703
2681124.7870953567,1246847.4591877116,47.36747548121739,8.512653469,0704
2678561.885690492,1250910.9206967878,47.404330449973614,8.479440182113798,0705
2682389.609231032,1250003.8296868263,47.39570496967581,8.529977700926311,0706
2682567.379040355,1249796.006842715,47.39381369111749,8.532293814134949,0707
2678581.652731217,1252269.4291592338,47.416545653109125,8.479940840187563,0708
2678452.864528511,1252202.2149431792,47.415956529518816,8.478222618255884,0709
2681846.791668269,1249234.5302883056,47.388854065715265,8.522647564462604,0710
2681937.499514611,1248968.1903415753,47.38644749884446,8.523800016193528,0711
2682231.7101419307,1249886.3080441195,47.39466779007842,8.527864793210851,0712
2682294.171071835,1249852.179802685,47.394353062833275,8.528685764108364,0713
2682252.594189463,1249730.104007427,47.39326038735095,8.528112662790118,0714
2681290.155962627,1249926.2222467968,47.39514362336439,8.515401809986027,0715
2681582.0659900173,1249951.6398445638,47.39533612295504,8.519272626,0716
2681970.4594628317,1250048.1937571364,47.396156245656826,8.524434382078871,0717
2681438.794092868,1250043.906,47.396183630234475,8.517391864769943,0718
2681783.648563289,1249696.6355940143,47.39301778,8.521895852594405,0719
2681522.5611280366,1249806.2094679717,47.39403558421151,8.518458008555637,0720
2681349.916685994,1249840.7885091873,47.394367909863476,8.516177768,0721
2681837.622190587,1249489.9778422697,47.39115253539875,8.522572864999685,0722
2681986.702299078,1249725.7772323398,47.39325462314791,8.524590413349976,0723
2681604.214976472,1249742.3486255324,47.393451150672675,8.519527793,0724
2681120.215409058,1249824.131829844,47.394246438435175,8.513132527807416,0725
2680909.5608935663,1249764.632553302,47.393737248401024,8.510331810608061,0726
2680650.265672333,1249460.8900134738,47.391037376485556,8.506842915128194,0727
2680707.062950063,1249450.5498019648,47.390937426968215,8.507593240232035,0728
2682706.896103309,1249722.3520914617,47.39313379,8.534127966753951,0729
2682783.9282981274,1249526.9667872214,47.39136694601234,8.535112012507183,0730
2682633.4404063206,1249336.6264966163,47.389674046625935,8.533083874056022,0731
2682658.3258780623,1249313.9293082862,47.38946680103643,8.533409239308764,0732
2682846.966726628,1249358.3406496842,47.38984251003472,8.535915629054163,0733
2682866.871256561,1249525.1095436548,47.39133981438382,8.536210119,0734
2682875.401357548,1249517.116488652,47.39126685708527,8.536321605713557,0735
2682610.742793979,1249230.8119392365,47.38872526703656,8.532763749194118,0736
2682785.8670815737,1249046.9873522914,47.387050085549774,8.535048868,0737
2682742.3335441872,1249103.5544545732,47.38756428211138,8.534482841857134,0738
2682687.9519462474,1249022.4799313047,47.38684197904959,8.533747709328857,0739
2682710.9035181105,1249035.3877923137,47.38695518,8.534054027680869,0740
2681324.9619730115,1249494.8271596285,47.39125963711268,8.515784363389052,0741
2681605.703461458,1249115.4907692445,47.38781340914557,8.519433154421067,0742
2681076.1767179854,1249185.0660350388,47.38850450711549,8.512433444,0743
2681400.950193464,1249372.919434602,47.390153891282075,8.516768528,0744
2681213.589928372,1249433.9713404593,47.39072607852303,8.514298363226642,0745
2682345.636650064,1249352.2671736584,47.38985074762755,8.529275357132322,0746
2682190.7183092334,1249133.5827585005,47.38790338896775,8.527183583878614,0747
2682573.736191811,1249170.529177922,47.388187763134134,8.532262551855691,0748
2682245.4939969047,1249434.119035356,47.39059938017352,8.527964207981688,0749
2682545.8057773104,1249154.1406511825,47.38804388,8.531889655026097,0750
2682240.532600349,1249157.652986794,47.38811364415802,8.527847679,0751
2682288.028118181,1249172.6023618528,47.38824215813246,8.528479395540144,0752
2681756.2542454368,1249322.0601602043,47.389652495603414,8.521464586758178,0753
2681682.7413170342,1249500.4167841685,47.39126563970724,8.520523617776538,0754
2682749.1921417327,1249001.6276275164,47.386646757648954,8.534554814943752,0755
2682013.5933826426,1250246.454007944,47.39793389646721,8.525042032805986,0756
2682136.2167556933,1249710.044715728,47.39309450898031,8.526567684114983,0757
2682165.0445269365,1250197.2914765726,47.39747288616048,8.527038985734857,0758
2678286.8401318854,1251940.140953408,47.413619364608486,8.475976941004868,0759
2678230.521860703,1251893.7808122064,47.41320912422805,8.475222659483308,0760
2678263.552470517,1252084.7380251926,47.414922546300005,8.475693718957729,0761
2678799.692507308,1252622.6639073675,47.41969635480151,8.482892115038165,0762
2681144.9915685235,1249511.9260291248,47.391435607148814,8.513404032570856,0763
2681662.605747481,1249195.9140975866,47.38852963424038,8.520201368226745,0764
2681823.3902839907,1249477.8739802416,47.39104545,8.522382172,0765
2680818.1568241664,1248953.1011276543,47.38645006191472,8.508974638,0766
2682194.0571857565,1250056.2345814635,47.39620069538452,8.527397334,0767
2682340.6938976804,1249745.4766069578,47.39338763146501,8.529282279,0768
2682704.8066000007,1250285.0959504824,47.398194985050324,8.534204353673356,0769
2682723.3343735286,1249699.3857020645,47.39292517838367,8.534341425958832,0770
2682671.8895399617,1249298.070682243,47.389322476975174,8.533585932,0771
2680856.328709691,1250340.8377464868,47.398925804090254,8.509730967081897,0772
2681525.723162253,1249968.6448456214,47.39549603074789,8.518529494245671,0773
2682531.6529371934,1250001.0397903512,47.39566209666744,8.531858488451808,0774
2681117.0657210085,1249890.1537477188,47.39484058500664,8.513102786,0775
2681621.2369485027,1249765.448,47.39365678011461,8.519757447270907,0776
2680798.829226348,1250129.7449430006,47.39703442790882,8.508931226852548,0777
2682267.6762122638,1249481.975219661,47.391026997408794,8.528266773978602,0778
2681315.2329983446,1249437.228782697,47.39074283501499,8.515645048171198,0779
2681478.099585606,1249531.281135051,47.391568557363684,8.517819074821599,0780
2678801.2923651524,1252185.3369901977,47.41576313422075,8.482836201509187,0781
2681873.860683351,1249010.8136686392,47.38683873789646,8.522965094696346,0782
2681768.9318892392,1248924.7576565028,47.38607783671624,8.521559863415698,0783
2681760.994181088,1248220.2146843183,47.3797426,8.521326019930756,0784
2682024.3050308754,1247702.641909486,47.37505514267687,8.524717554141853,0785
2682035.236507957,1247905.5455463675,47.376878573376736,8.524899469,0786
2682082.179879969,1247986.6062692832,47.377601737541134,8.525535858905831,0787
2682091.802216094,1247715.713,47.375164292271805,8.525613574425856,0788
2681274.671336359,1247181.4721794664,47.370460934876114,8.514698203468827,0789
2682169.5482112155,1248342.4765570892,47.38079132,8.526757958380092,0790
2682094.858865687,1248355.755,47.380920054363145,8.525771444885516,0791
2682300.2461060975,1248327.306820069,47.38063858412055,8.528485717232533,0792
2681829.5480754813,1247363.1464554518,47.372026138458025,8.522077023812626,0793
2681797.6784306574,1247258.5124017922,47.371089078514814,8.521635993483887,0794
2681839.113835535,1247602.5362561147,47.374177879276786,8.522247427649122,0795
2681717.293667839,1247580.0783052633,47.37399102429956,8.520630525636436,0796
2682000.103157372,1247355.946115089,47.37194018,8.524333625855745,0797
2681985.507358346,1247474.6806442805,47.37300982504216,8.524162143059177,0798
2682166.041201202,1247283.1994282254,47.37126527215917,8.526517066842786,0799
2682274.691947557,1247334.0850689537,47.37170935069756,8.527964787846324,0800
2681349.6405781494,1247935.7432898448,47.37723515418847,8.515827744618665,0801
2681369.3617941067,1248096.3272319646,47.37867691449087,8.516118048130815,0802
2681686.043633477,1247100.5749883195,47.36968252954995,8.520129305541055,0803
2681520.9655017247,1247192.414841388,47.37052892504269,8.517960708967834,0804
2681494.298348536,1247204.0011523818,47.37063642388547,8.517609790172306,0805
2681448.5410005646,1247199.8973016513,47.370605173231716,8.517003292535032,0806
2681665.261117457,1247348.764925917,47.37191717969436,8.519899459141172,0807
2681682.3604766056,1247304.3699301332,47.371515798025825,8.520117731,0808
2681506.0387335774,1247199.525908877,47.37059472,8.517764398511138,0809
2681119.4583758595,1247663.9407492343,47.37481910089493,8.512730876303753,0810
2680613.3934481167,1247794.3962284983,47.37605444672633,8.506054376066656,0811
2681852.656255084,1248006.997443993,47.37781368,8.522500683521512,0812
2681801.8808058463,1248086.3307041607,47.37853345645978,8.521842911302905,0813
2681737.318872713,1247947.7420917684,47.37729508711309,8.520962782578815,0814
2681132.8208788247,1247202.7763448225,47.370670011539595,8.512824205550439,0815
2681031.8165244446,1247249.4901756754,47.371102556386404,8.511495529462623,0816
2680951.503849102,1247895.0408469257,47.376918134177465,8.510549057325022,0817
2680634.4102904284,1247944.8658533625,47.377405111327725,8.506359741,0818
2681272.183529268,1247624.1836155006,47.37444272973081,8.514745643800666,0819
2681357.204876728,1247657.203323426,47.37472919773553,8.515877266892913,0820
2681184.651103744,1247554.4796876574,47.37382664362754,8.513574134916144,0821
2681204.948505631,1247220.6149901578,47.37082155799124,8.513782292,0822
2681889.6480303886,1248114.309569423,47.378774179012346,8.523010093513921,0823
2682088.8783272672,1247325.5387834352,47.37165566362626,8.525503312260211,0824
2682356.0360052595,1247777.8534278907,47.375690171365676,8.529123312677571,0825
2682031.1233566785,1247717.4527732127,47.37518749380596,8.524810539103017,0826
2682148.8076230697,1248288.004737088,47.380304024838075,8.526473336455098,0827
2679271.432674322,1245226.477261684,47.35312272956952,8.487832568382352,0828
2682114.925,1248361.1748205456,47.380966294515396,8.526038132728363,0829
2682145.8828626466,1248048.5912625634,47.37815125347907,8.526390665932729,0830
2681878.9190795114,1247963.0014739567,47.37741474004506,8.522840357280623,0831
2681925.803898274,1248214.7502698826,47.37967298613389,8.523507196086179,0832
2681610.4128814507,1248247.2739677152,47.38000462490956,8.519337168979355,0833
2681749.478929572,1248589.8239291175,47.38306807,8.521241071,0834
2682135.189665211,1247354.5,47.37191035223543,8.526121721588293,0835
2681282.5099963867,1247614.355149282,47.374353064593265,8.514880574,0836
2681395.248837546,1247507.986623542,47.373382532714935,8.516353811156943,0837
2682026.7790926336,1247297.670061264,47.37141276178157,8.524676100862301,0838
2685460.332331503,1251154.476043584,47.40566175928936,8.570867612574988,0839
2685277.6102384063,1252385.1579166348,47.41675323937096,8.568681902,0840
2685205.8321393225,1250801.0604652134,47.40251638535879,8.567428916771897,0841
2685416.1997088348,1250894.4089873375,47.40332864048408,8.570233306556435,0842
2687037.431059936,1251097.4023063127,47.404941929916596,8.591748112859653,0843
2686662.9817368067,1251305.9327782104,47.40686667071249,8.586828319531698,0844
2687051.442784872,1251089.497,47.40486898349331,8.591932182,0845
2687348.614,1251231.6217298752,47.40610778889485,8.595896472551885,0846
2686545.298741037,1251066.0217415472,47.404724577894385,8.585222909044655,0847
2685853.203,1251056.3404255973,47.40472810242778,8.57605309,0848
2685744.5344599043,1251459.1878047218,47.408365156779034,8.574690854860739,0849
2685017.8022813327,1251457.1657757792,47.40844119959394,8.565063011799701,0850
2685473.014591245,1251772.5849188133,47.41121890487509,8.571153796997248,0851
2685259.495780851,1251930.9289594917,47.41267060868723,8.568355238862251,0852
2685444.3046734435,1251601.977199391,47.40968831840893,8.570740827407775,0853
2685922.5401788214,1251338.8404165993,47.40725964,8.577025867,0854
2685445.8485072264,1251682.1253814746,47.41040890830776,8.570776601,0855
2686159.431635436,1251480.5253656453,47.408502894894056,8.580191344609089,0856
2685622.191525941,1251161.5982468345,47.405704786081444,8.573013111,0857
2686899.7937972457,1250588.6750330715,47.400385016193866,8.589826001789147,0858
2686875.967703116,1250412.7292724368,47.39880584097147,8.589476229536194,0859
2686793.5522714835,1250733.4798921735,47.401701287238424,8.588446880692908,0860
2685917.717763128,1250989.1933518362,47.40411581988379,8.576894789000338,0861
2685906.713044087,1250908.7310841945,47.403393640014244,8.576733554881818,0862
2686773.057263084,1250270.3641204955,47.39753909,8.588085539493651,0863
2686793.6941587166,1250498.7908584808,47.39959066,8.588403206602127,0864
2686032.330483192,1250667.2394446365,47.401205452136395,8.578351059881351,0865
2686840.8699284378,1250618.607176445,47.400661974638616,8.589051335348021,0866
2685347.614258791,1251664.695,47.41026489699908,8.569471855,0867
2685575.028,1251778.1290137924,47.411255514346685,8.572506358053499,0868
2686534.6306586065,1250762.751,47.40199860072172,8.585022897,0869
2686630.1980591915,1249865.5338307836,47.393917157972794,8.586114974374182,0870
2686307.136742728,1250880.8437654278,47.40309048790356,8.582032313367002,0871
2686263.146692981,1250774.3606552791,47.40213862511347,8.581429066593353,0872
2686872.4924392872,1250664.7525302724,47.40107279924602,8.589479160356376,0873
2686521.4154319544,1250612.9384456603,47.40065303974225,8.58481886,0874
2685431.976412907,1250842.9632205884,47.40286392992175,8.57043246,0875
2685614.431,1251259.032,47.40658203942151,8.572928962364857,0876
2686145.167746505,1251567.0008603216,47.40928245,8.580019047,0877
2685939.4189513284,1250956.5357558527,47.40381929114603,8.577175976869144,0878
2685597.2646204727,1251972.3492488316,47.41299928751837,8.572838153987187,0879
2685192.9028645945,1251998.6148491318,47.41328794195411,8.567485872888133,0880
2685298.457909137,1252339.664014292,47.41634140285164,8.568949444051635,0881
2683496.0210517514,1249089.2611605197,47.38734064340766,8.544460863610272,0882
2683429.083061228,1249392.554819486,47.39007674233892,8.543631002848786,0883
2683363.2006231095,1249571.8118559823,47.39169719886128,8.542791920258955,0884
2683983.590199657,1250325.4035259548,47.398395666572505,8.551149546417367,0885
2683630.54,1249977.6888797896,47.395313488563865,8.546408322721645,0886
2683795.248,1248804.7906411628,47.38474431452869,8.548370065744397,0887
2683653.455129873,1249576.4927010476,47.39170249865222,8.546636780995621,0888
2683604.8205381352,1249600.1406646608,47.39192134666367,8.545997108534225,0889
2683671.1910371264,1248770.2046239225,47.38444903842996,8.546720871,0890
2683730.2114954726,1248619.7762904814,47.383088688026845,8.547474253,0891
2683736.3159605926,1248451.059248916,47.38157058315527,8.547523512129425,0892
2683681.8223303086,1248225.8787264104,47.37955238135672,8.546759855,0893
2683575.014423661,1248440.2145418108,47.38149353398277,8.545385696,0894
2682360.930632672,1248459.8534823968,47.381823042060745,8.529313623005935,0895
2683254.729850561,1249066.5234184763,47.38716669340969,8.541261350896685,0896
2683016.4496251605,1249090.3012833092,47.387410605874464,8.538110362617223,0897
2683658.943502126,1249979.773497105,47.39532862927673,8.546784894048558,0898
2683090.795559979,1248497.9054120015,47.38207361362075,8.538984875489465,0899
2683315.4329357534,1248254.0916626535,47.37985254275649,8.541913932,0900
2683137.8537467094,1248452.406692051,47.38165849121516,8.539599525611534,0901
2683279.7766065327,1248111.0946120473,47.378571027458946,8.541415212573698,0902
2682991.8822765383,1248298.3534304006,47.380291438943594,8.537638143839942,0903
2683045.465525785,1249577.6918270888,47.39179021293489,8.538585081,0904
2683183.713285448,1248955.0612521663,47.38617324779539,8.540300198503314,0905
2683372.8081854847,1248286.6577662523,47.380138163396644,8.542679680119916,0906
2683409.5929377377,1248477.4238497317,47.38184913,8.543202290330283,0907
2683391.734718759,1248148.626518741,47.378894404673105,8.542904558779739,0908
2682680.3210610054,1248022.6470093622,47.377851080887915,8.533461921577763,0909
2682995.6525191995,1249910.7500631206,47.39479179060953,8.537987179390342,0910
2682880.957765647,1249385.3038385697,47.39008072,8.536370769975763,0911
2682925.5989078786,1249385.623849906,47.39007798310607,8.536962017316906,0912
2683179.900475281,1248531.091928729,47.38236082790473,8.540170893359692,0913
2683116.245863197,1250018.0815740654,47.39574185046139,8.539604297896638,0914
2682504.6667427323,1248801.6039608973,47.384878543244696,8.531279857057577,0915
2683296.2860705927,1248012.0130886734,47.37767786501076,8.541615361301615,0916
2683258.7472074814,1249206.8101452251,47.38842783064064,8.541340657626858,0917
2683299.6039639297,1249023.8453976149,47.386777203185865,8.541847645109936,0918
2682969.1724640336,1250125.062203109,47.396722503096456,8.537676226404026,0919
2683034.566893451,1248864.8891256708,47.38538111447912,8.538308446,0920
2682253.064296864,1248947.6922770229,47.38622382859056,8.527975031819503,0921
2682118.8934665453,1248792.61,47.384845855329154,8.526169854,0922
2682383.982295335,1248802.5571569314,47.384902218234515,8.529681947950685,0923
2683180.6509751026,1250075.4404806728,47.39624956661007,8.54046798,0924
2683490.2152764974,1249822.3809155407,47.39393455821024,8.544520808838609,0925
2683395.0215884186,1250106.752545997,47.39650405858203,8.543313080603655,0926
2683522.592463068,1250077.9532225053,47.39622889317475,8.544997340151708,0927
2683326.3594380696,1249704.012700669,47.39289078424951,8.542328640398578,0928
2683630.696179904,1250294.2542066183,47.398160434973015,8.546469581439768,0929
2683722.409895563,1249017.9201275955,47.386670318021764,8.547445448221355,0930
2683663.1522901794,1250249.1441305007,47.397750624925436,8.546891027,0931
2682498.1667852914,1248723.915816733,47.38418068005942,8.531179461850265,0932
2683757.805567761,1248092.5710847878,47.378343844879254,8.547740961,0933
2683511.450068528,1249070.078421197,47.38716617,8.544661600462714,0934
2683381.307155448,1249789.8508608674,47.39365580051231,8.543072358545256,0935
2684083.6551059447,1250101.8863592292,47.396372745773114,8.552432897119333,0936
2682903.0440627607,1249766.4721929964,47.39350591577985,8.536733904195453,0937
2683290.6783954566,1249843.0023838622,47.39414527478554,8.541881969005084,0938
2683050.504807389,1249558.956146503,47.39162108156067,8.538648340668342,0939
2683223.2141833026,1248455.090601933,47.38167185165358,8.540730283750104,0940
2682439.410448242,1248438.2221786147,47.381618688632834,8.530348795701082,0941
2682653.0239516217,1247997.886572532,47.37763182582658,8.533095932801615,0942
2682471.5442411443,1248101.6240388777,47.37858751572666,8.530712250105271,0943
2682522.012,1248003.0231361915,47.37769444205315,8.531362282325427,0944
2682820.6318429057,1248279.124423698,47.38014005430196,8.535367111307668,0945
2682597.627640262,1248363.7413512724,47.380929039429994,8.532430006447264,0946
2683786.1905146027,1248346.7492803622,47.38062614758994,8.548164369750337,0947
2683802.6484244866,1248002.4244873084,47.37752742328469,8.548317808128818,0948
2683487.005529386,1248247.6190461507,47.37977261414645,8.544184442099985,0949
2683561.612137341,1248471.6527145589,47.381777968160705,8.545214107038614,0950
2683388.4499264187,1248301.3024355576,47.38026788852891,8.542889515523596,0951
2683489.4516400574,1249115.8330337522,47.387580445550874,8.544378827366458,0952
2683564.7467850214,1248938.5244513403,47.38597630463662,8.545342804501239,0953
2684902.8250288838,1244781.0251377453,47.34841536,8.5622733,0954
2684900.762292509,1244861.9022601077,47.34914298432519,8.562261330081798,0955
2684985.3330969554,1244560.391,47.34642047482965,8.563323256121446,0956
2685749.7276862133,1244863.6608213456,47.34904892,8.573495905,0957
2684856.2994676023,1244871.288306103,47.34923312155036,8.561674736240935,0958
2682388.986799931,1247844.8169933667,47.37628828112836,8.529571892828452,0959
2682880.236696613,1247167.019,47.37013098297591,8.535950396,0960
2682573.1554383165,1247366.628737647,47.371964697030194,8.531922018932116,0961
2682768.335379512,1247452.5860899673,47.37271326,8.534521825489641,0962
2682896.0827794927,1247698.4494774593,47.37490834256671,8.536258579952603,0963
2682836.342776645,1247606.073528943,47.37408508364177,8.535450565764087,0964
2682909.1068030368,1247717.8618961934,47.375081287110426,8.536434605277666,0965
2683051.6197767374,1247494.8685749343,47.37305787787073,8.538280015487617,0966
2682743.803680534,1247373.6078893573,47.37200605779393,8.534182456653522,0967
2682687.2828041934,1247475.4158342776,47.37292875058838,8.533453002847361,0968
2683006.4293462485,1247681.7599398147,47.37474435607184,8.537716401349368,0969
2680865.6200000504,1248530.3440445329,47.382642218107705,8.509526756802398,0970
2681104.5744015374,1248481.7794950122,47.38217608607162,8.512682028298372,0971
2681210.7321366905,1248577.2945434276,47.38302201353557,8.514105019343676,0972
2680620.5563734504,1248602.4507705644,47.38332073562746,8.506294776538327,0973
2680716.169879182,1248733.6404580576,47.38448886952492,8.507584508289618,0974
2682600.1034008614,1247630.131028355,47.37433109749769,8.532327395619696,0975
2682928.1305517145,1247495.5576474797,47.373079627437484,8.536645283045758,0976
2682921.631801883,1247801.2621801496,47.37582976,8.536615879345028,0977
2682844.370262795,1247462.462857265,47.37279253,8.535530264,0978
2682894.463060898,1247549.649081786,47.37357032834399,8.536209579533962,0979
2681419.8203185457,1248431.4080815942,47.38168419443496,8.516847098324249,0980
2683016.058555745,1247582.89,47.37385396618798,8.537825548659283,0981
2682343.956334325,1247692.36,47.37492280834026,8.528947655,0982
2681308.963,1248434.4243868594,47.381725011331696,8.515379776,0983
2682578.1977575016,1247515.3691602976,47.37330174546945,8.532016210771854,0984
2683208.4933183705,1247683.665061128,47.37473600431961,8.540391940836114,0985
2683274.426038669,1247651.1482909194,47.374435239908934,8.541258794,0986
2683115.4204343986,1247660.1004635803,47.37453582563219,8.539155345,0987
2683543.356620936,1247638.956134741,47.374291549779954,8.544816947,0988
2683648.5971913994,1247598.1737069243,47.37391142730806,8.546202624184467,0989
2683489.5513303536,1247915.3922145134,47.37678445853733,8.544156173202293,0990
2683654.418,1247629.4464691454,47.37419193559477,8.546285530876665,0991
2683392.2801901847,1247532.466995762,47.37335299084094,8.542796980226878,0992
2683387.6681714896,1247357.5055432045,47.37178008130856,8.54270333,0993
2683301.7813093117,1247301.4319950154,47.37128665363579,8.541555877,0994
